Date,Amount,Type,Description
1/1/2023,21998.66,Deposit,FMCG Merchant Settlement
1/2/2023,14420.85,Deposit,FMCG Merchant Settlement
1/3/2023,15579.44,Deposit,FMCG Merchant Settlement
1/4/2023,16774.21,Deposit,FMCG Merchant Settlement
1/5/2023,12495.73,Deposit,FMCG Merchant Settlement
1/6/2023,10491.06,Deposit,FMCG Merchant Settlement
1/7/2023,12689.44,Deposit,FMCG Merchant Settlement
1/8/2023,12392.71,Deposit,FMCG Merchant Settlement
1/9/2023,12736.83,Deposit,FMCG Merchant Settlement
1/10/2023,15345.29,Deposit,FMCG Merchant Settlement
1/11/2023,4882.99,Deposit,FMCG Merchant Settlement
1/12/2023,12631.52,Deposit,FMCG Merchant Settlement
1/13/2023,14137.2,Deposit,FMCG Merchant Settlement
1/14/2023,10170.96,Deposit,FMCG Merchant Settlement
1/15/2023,16414.21,Deposit,FMCG Merchant Settlement
1/16/2023,7773.8,Deposit,FMCG Merchant Settlement
1/17/2023,15137.73,Deposit,FMCG Merchant Settlement
1/18/2023,9268.24,Deposit,FMCG Merchant Settlement
1/19/2023,18350.29,Deposit,FMCG Merchant Settlement
1/20/2023,10709.37,Deposit,FMCG Merchant Settlement
1/21/2023,6426.1,Deposit,FMCG Merchant Settlement
1/22/2023,13677.02,Deposit,FMCG Merchant Settlement
1/23/2023,12479.08,Deposit,FMCG Merchant Settlement
1/24/2023,13093.51,Deposit,FMCG Merchant Settlement
1/25/2023,10096.29,Deposit,FMCG Merchant Settlement
1/26/2023,12670.26,Deposit,FMCG Merchant Settlement
1/27/2023,17382.02,Deposit,FMCG Merchant Settlement
1/28/2023,15163.33,Deposit,FMCG Merchant Settlement
1/29/2023,17214.71,Deposit,FMCG Merchant Settlement
1/30/2023,12694.37,Deposit,FMCG Merchant Settlement
1/31/2023,13004.48,Deposit,FMCG Merchant Settlement
2/1/2023,15221.76,Deposit,FMCG Merchant Settlement
2/2/2023,4318.21,Deposit,FMCG Merchant Settlement
2/3/2023,12195.04,Deposit,FMCG Merchant Settlement
2/4/2023,9424.78,Deposit,FMCG Merchant Settlement
2/5/2023,8298.43,Deposit,FMCG Merchant Settlement
2/6/2023,5934.47,Deposit,FMCG Merchant Settlement
2/7/2023,18570.76,Deposit,FMCG Merchant Settlement
2/8/2023,8121.12,Deposit,FMCG Merchant Settlement
2/9/2023,12734.85,Deposit,FMCG Merchant Settlement
2/10/2023,21166.82,Deposit,FMCG Merchant Settlement
2/11/2023,13687.89,Deposit,FMCG Merchant Settlement
2/12/2023,8858.68,Deposit,FMCG Merchant Settlement
2/13/2023,15867.36,Deposit,FMCG Merchant Settlement
2/14/2023,17735.9,Deposit,FMCG Merchant Settlement
2/15/2023,14194.22,Deposit,FMCG Merchant Settlement
2/16/2023,15217.3,Deposit,FMCG Merchant Settlement
2/17/2023,8440.73,Deposit,FMCG Merchant Settlement
2/18/2023,20575.21,Deposit,FMCG Merchant Settlement
2/19/2023,10142.74,Deposit,FMCG Merchant Settlement
2/20/2023,16355.08,Deposit,FMCG Merchant Settlement
2/21/2023,11855.11,Deposit,FMCG Merchant Settlement
2/22/2023,9895.22,Deposit,FMCG Merchant Settlement
2/23/2023,13474.04,Deposit,FMCG Merchant Settlement
2/24/2023,8769.4,Deposit,FMCG Merchant Settlement
2/25/2023,11944.29,Deposit,FMCG Merchant Settlement
2/26/2023,8392.65,Deposit,FMCG Merchant Settlement
2/27/2023,14457.08,Deposit,FMCG Merchant Settlement
2/28/2023,19089.12,Deposit,FMCG Merchant Settlement
3/1/2023,14466.95,Deposit,FMCG Merchant Settlement
3/2/2023,26426.43,Deposit,FMCG Merchant Settlement
3/3/2023,7823.84,Deposit,FMCG Merchant Settlement
3/4/2023,5733.82,Deposit,FMCG Merchant Settlement
3/5/2023,17219.38,Deposit,FMCG Merchant Settlement
3/6/2023,12021.47,Deposit,FMCG Merchant Settlement
3/7/2023,10905.38,Deposit,FMCG Merchant Settlement
3/8/2023,6236.7,Deposit,FMCG Merchant Settlement
3/9/2023,17593.84,Deposit,FMCG Merchant Settlement
3/10/2023,13349.24,Deposit,FMCG Merchant Settlement
3/11/2023,14650.27,Deposit,FMCG Merchant Settlement
3/12/2023,3849.06,Deposit,FMCG Merchant Settlement
3/13/2023,7617.42,Deposit,FMCG Merchant Settlement
3/14/2023,6445.26,Deposit,FMCG Merchant Settlement
3/15/2023,13631.57,Deposit,FMCG Merchant Settlement
3/16/2023,13200.96,Deposit,FMCG Merchant Settlement
3/17/2023,8130.42,Deposit,FMCG Merchant Settlement
3/18/2023,11637.19,Deposit,FMCG Merchant Settlement
3/19/2023,14107.27,Deposit,FMCG Merchant Settlement
3/20/2023,15436.39,Deposit,FMCG Merchant Settlement
3/21/2023,14817.79,Deposit,FMCG Merchant Settlement
3/22/2023,10846.61,Deposit,FMCG Merchant Settlement
3/23/2023,14009.14,Deposit,FMCG Merchant Settlement
3/24/2023,12827.52,Deposit,FMCG Merchant Settlement
3/25/2023,9907.16,Deposit,FMCG Merchant Settlement
3/26/2023,17927.17,Deposit,FMCG Merchant Settlement
3/27/2023,8189.05,Deposit,FMCG Merchant Settlement
3/28/2023,8921.83,Deposit,FMCG Merchant Settlement
3/29/2023,13425.39,Deposit,FMCG Merchant Settlement
3/30/2023,5512.28,Deposit,FMCG Merchant Settlement
3/31/2023,14249.53,Deposit,FMCG Merchant Settlement
4/1/2023,11034.93,Deposit,FMCG Merchant Settlement
4/2/2023,10935.48,Deposit,FMCG Merchant Settlement
4/3/2023,9393.84,Deposit,FMCG Merchant Settlement
4/4/2023,6889.02,Deposit,FMCG Merchant Settlement
4/5/2023,12915.21,Deposit,FMCG Merchant Settlement
4/6/2023,17381.77,Deposit,FMCG Merchant Settlement
4/7/2023,14753.02,Deposit,FMCG Merchant Settlement
4/8/2023,12123.98,Deposit,FMCG Merchant Settlement
4/9/2023,20479.29,Deposit,FMCG Merchant Settlement
4/10/2023,4529.57,Deposit,FMCG Merchant Settlement
4/11/2023,7706.19,Deposit,FMCG Merchant Settlement
4/12/2023,18219.84,Deposit,FMCG Merchant Settlement
4/13/2023,11314.41,Deposit,FMCG Merchant Settlement
4/14/2023,15835.43,Deposit,FMCG Merchant Settlement
4/15/2023,13675.07,Deposit,FMCG Merchant Settlement
4/16/2023,5005.05,Deposit,FMCG Merchant Settlement
4/17/2023,14488.83,Deposit,FMCG Merchant Settlement
4/18/2023,13441.88,Deposit,FMCG Merchant Settlement
4/19/2023,16536.4,Deposit,FMCG Merchant Settlement
4/20/2023,16641.39,Deposit,FMCG Merchant Settlement
4/21/2023,6785.15,Deposit,FMCG Merchant Settlement
4/22/2023,16029.92,Deposit,FMCG Merchant Settlement
4/23/2023,10048.97,Deposit,FMCG Merchant Settlement
4/24/2023,9455.14,Deposit,FMCG Merchant Settlement
4/25/2023,17435.03,Deposit,FMCG Merchant Settlement
4/26/2023,5888.62,Deposit,FMCG Merchant Settlement
4/27/2023,4574.98,Deposit,FMCG Merchant Settlement
4/28/2023,13576.57,Deposit,FMCG Merchant Settlement
4/29/2023,8813.57,Deposit,FMCG Merchant Settlement
4/30/2023,11438.93,Deposit,FMCG Merchant Settlement
5/1/2023,7911.28,Deposit,FMCG Merchant Settlement
5/2/2023,7659.94,Deposit,FMCG Merchant Settlement
5/3/2023,7433.65,Deposit,FMCG Merchant Settlement
5/4/2023,6457.79,Deposit,FMCG Merchant Settlement
5/5/2023,12257.14,Deposit,FMCG Merchant Settlement
5/6/2023,10281.08,Deposit,FMCG Merchant Settlement
5/7/2023,11565.12,Deposit,FMCG Merchant Settlement
5/8/2023,13031.65,Deposit,FMCG Merchant Settlement
5/9/2023,10931.53,Deposit,FMCG Merchant Settlement
5/10/2023,12776.11,Deposit,FMCG Merchant Settlement
5/11/2023,10596.05,Deposit,FMCG Merchant Settlement
5/12/2023,19593.82,Deposit,FMCG Merchant Settlement
5/13/2023,11999.95,Deposit,FMCG Merchant Settlement
5/14/2023,11811.53,Deposit,FMCG Merchant Settlement
5/15/2023,13415.77,Deposit,FMCG Merchant Settlement
5/16/2023,5302.38,Deposit,FMCG Merchant Settlement
5/17/2023,10993.82,Deposit,FMCG Merchant Settlement
5/18/2023,25025.33,Deposit,FMCG Merchant Settlement
5/19/2023,7457.05,Deposit,FMCG Merchant Settlement
5/20/2023,8167.64,Deposit,FMCG Merchant Settlement
5/21/2023,11776.79,Deposit,FMCG Merchant Settlement
5/22/2023,13701.34,Deposit,FMCG Merchant Settlement
5/23/2023,8350.47,Deposit,FMCG Merchant Settlement
5/24/2023,12848.54,Deposit,FMCG Merchant Settlement
5/25/2023,9511.58,Deposit,FMCG Merchant Settlement
5/26/2023,14128.59,Deposit,FMCG Merchant Settlement
5/27/2023,11680.29,Deposit,FMCG Merchant Settlement
5/28/2023,23052.03,Deposit,FMCG Merchant Settlement
5/29/2023,12093.71,Deposit,FMCG Merchant Settlement
5/30/2023,14251.7,Deposit,FMCG Merchant Settlement
5/31/2023,4754.45,Deposit,FMCG Merchant Settlement
6/1/2023,10340.82,Deposit,FMCG Merchant Settlement
6/2/2023,12964.68,Deposit,FMCG Merchant Settlement
6/3/2023,25325.01,Deposit,FMCG Merchant Settlement
6/4/2023,12864.3,Deposit,FMCG Merchant Settlement
6/5/2023,11738.49,Deposit,FMCG Merchant Settlement
6/6/2023,16273.41,Deposit,FMCG Merchant Settlement
6/7/2023,12284.62,Deposit,FMCG Merchant Settlement
6/8/2023,6987.79,Deposit,FMCG Merchant Settlement
6/9/2023,12859.93,Deposit,FMCG Merchant Settlement
6/10/2023,5855.06,Deposit,FMCG Merchant Settlement
6/11/2023,7807.62,Deposit,FMCG Merchant Settlement
6/12/2023,4002.73,Deposit,FMCG Merchant Settlement
6/13/2023,11230.02,Deposit,FMCG Merchant Settlement
6/14/2023,14885.47,Deposit,FMCG Merchant Settlement
6/15/2023,13825.9,Deposit,FMCG Merchant Settlement
6/16/2023,11415.31,Deposit,FMCG Merchant Settlement
6/17/2023,5271.74,Deposit,FMCG Merchant Settlement
6/18/2023,26287.27,Deposit,FMCG Merchant Settlement
6/19/2023,25867.83,Deposit,FMCG Merchant Settlement
6/20/2023,11442.81,Deposit,FMCG Merchant Settlement
6/21/2023,12225.5,Deposit,FMCG Merchant Settlement
6/22/2023,15860.78,Deposit,FMCG Merchant Settlement
6/23/2023,6720.39,Deposit,FMCG Merchant Settlement
6/24/2023,7962.35,Deposit,FMCG Merchant Settlement
6/25/2023,20367.72,Deposit,FMCG Merchant Settlement
6/26/2023,13477.13,Deposit,FMCG Merchant Settlement
6/27/2023,12823.11,Deposit,FMCG Merchant Settlement
6/28/2023,7008.73,Deposit,FMCG Merchant Settlement
6/29/2023,13769.47,Deposit,FMCG Merchant Settlement
6/30/2023,10278.15,Deposit,FMCG Merchant Settlement
7/1/2023,10812.62,Deposit,FMCG Merchant Settlement
7/2/2023,14905.8,Deposit,FMCG Merchant Settlement
7/3/2023,9969.64,Deposit,FMCG Merchant Settlement
7/4/2023,12038.12,Deposit,FMCG Merchant Settlement
7/5/2023,10905.77,Deposit,FMCG Merchant Settlement
7/6/2023,15666.85,Deposit,FMCG Merchant Settlement
7/7/2023,13899.68,Deposit,FMCG Merchant Settlement
7/8/2023,11797.33,Deposit,FMCG Merchant Settlement
7/9/2023,9287.82,Deposit,FMCG Merchant Settlement
7/10/2023,13273.91,Deposit,FMCG Merchant Settlement
7/11/2023,8772.86,Deposit,FMCG Merchant Settlement
7/12/2023,12131.47,Deposit,FMCG Merchant Settlement
7/13/2023,19937.78,Deposit,FMCG Merchant Settlement
7/14/2023,13080.18,Deposit,FMCG Merchant Settlement
7/15/2023,13556.45,Deposit,FMCG Merchant Settlement
7/16/2023,13374.99,Deposit,FMCG Merchant Settlement
7/17/2023,21452.99,Deposit,FMCG Merchant Settlement
7/18/2023,10312.21,Deposit,FMCG Merchant Settlement
7/19/2023,12640.8,Deposit,FMCG Merchant Settlement
7/20/2023,11558.79,Deposit,FMCG Merchant Settlement
7/21/2023,13284.62,Deposit,FMCG Merchant Settlement
7/22/2023,12890.6,Deposit,FMCG Merchant Settlement
7/23/2023,7497.83,Deposit,FMCG Merchant Settlement
7/24/2023,7569.14,Deposit,FMCG Merchant Settlement
7/25/2023,8974.46,Deposit,FMCG Merchant Settlement
7/26/2023,6901.59,Deposit,FMCG Merchant Settlement
7/27/2023,16020.18,Deposit,FMCG Merchant Settlement
7/28/2023,9135.88,Deposit,FMCG Merchant Settlement
7/29/2023,8601.69,Deposit,FMCG Merchant Settlement
7/30/2023,12496.75,Deposit,FMCG Merchant Settlement
7/31/2023,17451.06,Deposit,FMCG Merchant Settlement
8/1/2023,12132.68,Deposit,FMCG Merchant Settlement
8/2/2023,5926.78,Deposit,FMCG Merchant Settlement
8/3/2023,7446.03,Deposit,FMCG Merchant Settlement
8/4/2023,10949.38,Deposit,FMCG Merchant Settlement
8/5/2023,16373.88,Deposit,FMCG Merchant Settlement
8/6/2023,21133.76,Deposit,FMCG Merchant Settlement
8/7/2023,15655.91,Deposit,FMCG Merchant Settlement
8/8/2023,13244.49,Deposit,FMCG Merchant Settlement
8/9/2023,7118.49,Deposit,FMCG Merchant Settlement
8/10/2023,12832.14,Deposit,FMCG Merchant Settlement
8/11/2023,7612.78,Deposit,FMCG Merchant Settlement
8/12/2023,13027.74,Deposit,FMCG Merchant Settlement
8/13/2023,13224.57,Deposit,FMCG Merchant Settlement
8/14/2023,17745.43,Deposit,FMCG Merchant Settlement
8/15/2023,19669.43,Deposit,FMCG Merchant Settlement
8/16/2023,5917.04,Deposit,FMCG Merchant Settlement
8/17/2023,14559.94,Deposit,FMCG Merchant Settlement
8/18/2023,9467.25,Deposit,FMCG Merchant Settlement
8/19/2023,19695.39,Deposit,FMCG Merchant Settlement
8/20/2023,9964.26,Deposit,FMCG Merchant Settlement
8/21/2023,14264.71,Deposit,FMCG Merchant Settlement
8/22/2023,17690.88,Deposit,FMCG Merchant Settlement
8/23/2023,12566.87,Deposit,FMCG Merchant Settlement
8/24/2023,11073.02,Deposit,FMCG Merchant Settlement
8/25/2023,17274.51,Deposit,FMCG Merchant Settlement
8/26/2023,16851.87,Deposit,FMCG Merchant Settlement
8/27/2023,7481.62,Deposit,FMCG Merchant Settlement
8/28/2023,9126.83,Deposit,FMCG Merchant Settlement
8/29/2023,9218.3,Deposit,FMCG Merchant Settlement
8/30/2023,16873.34,Deposit,FMCG Merchant Settlement
8/31/2023,6369.2,Deposit,FMCG Merchant Settlement
9/1/2023,12046.46,Deposit,FMCG Merchant Settlement
9/2/2023,5038.48,Deposit,FMCG Merchant Settlement
9/3/2023,16288.82,Deposit,FMCG Merchant Settlement
9/4/2023,9863.19,Deposit,FMCG Merchant Settlement
9/5/2023,7962.57,Deposit,FMCG Merchant Settlement
9/6/2023,13408.29,Deposit,FMCG Merchant Settlement
9/7/2023,10295.45,Deposit,FMCG Merchant Settlement
9/8/2023,14895.82,Deposit,FMCG Merchant Settlement
9/9/2023,14393.88,Deposit,FMCG Merchant Settlement
9/10/2023,9002.59,Deposit,FMCG Merchant Settlement
9/11/2023,17316.87,Deposit,FMCG Merchant Settlement
9/12/2023,15057.2,Deposit,FMCG Merchant Settlement
9/13/2023,14503.04,Deposit,FMCG Merchant Settlement
9/14/2023,7248.69,Deposit,FMCG Merchant Settlement
9/15/2023,8331.76,Deposit,FMCG Merchant Settlement
9/16/2023,13364.44,Deposit,FMCG Merchant Settlement
9/17/2023,15156.3,Deposit,FMCG Merchant Settlement
9/18/2023,11209.43,Deposit,FMCG Merchant Settlement
9/19/2023,12001.1,Deposit,FMCG Merchant Settlement
9/20/2023,10854.72,Deposit,FMCG Merchant Settlement
9/21/2023,15874.34,Deposit,FMCG Merchant Settlement
9/22/2023,12424.72,Deposit,FMCG Merchant Settlement
9/23/2023,17484.79,Deposit,FMCG Merchant Settlement
9/24/2023,10437.85,Deposit,FMCG Merchant Settlement
9/25/2023,18990.15,Deposit,FMCG Merchant Settlement
9/26/2023,12396.3,Deposit,FMCG Merchant Settlement
9/27/2023,17650.19,Deposit,FMCG Merchant Settlement
9/28/2023,13590.33,Deposit,FMCG Merchant Settlement
9/29/2023,3967.45,Deposit,FMCG Merchant Settlement
9/30/2023,10661.44,Deposit,FMCG Merchant Settlement
10/1/2023,8561.47,Deposit,FMCG Merchant Settlement
10/2/2023,22453.81,Deposit,FMCG Merchant Settlement
10/3/2023,9538.74,Deposit,FMCG Merchant Settlement
10/4/2023,18518.86,Deposit,FMCG Merchant Settlement
10/5/2023,7638.46,Deposit,FMCG Merchant Settlement
10/6/2023,13075.93,Deposit,FMCG Merchant Settlement
10/7/2023,22304.25,Deposit,FMCG Merchant Settlement
10/8/2023,10171.07,Deposit,FMCG Merchant Settlement
10/9/2023,18926.12,Deposit,FMCG Merchant Settlement
10/10/2023,11758.96,Deposit,FMCG Merchant Settlement
10/11/2023,12329.26,Deposit,FMCG Merchant Settlement
10/12/2023,12833.06,Deposit,FMCG Merchant Settlement
10/13/2023,16085.81,Deposit,FMCG Merchant Settlement
10/14/2023,9422.27,Deposit,FMCG Merchant Settlement
10/15/2023,5929.32,Deposit,FMCG Merchant Settlement
10/16/2023,16973.19,Deposit,FMCG Merchant Settlement
10/17/2023,13751.67,Deposit,FMCG Merchant Settlement
10/18/2023,10110.76,Deposit,FMCG Merchant Settlement
10/19/2023,12262.11,Deposit,FMCG Merchant Settlement
10/20/2023,5794.73,Deposit,FMCG Merchant Settlement
10/21/2023,15639.17,Deposit,FMCG Merchant Settlement
10/22/2023,11243.89,Deposit,FMCG Merchant Settlement
10/23/2023,19350.1,Deposit,FMCG Merchant Settlement
10/24/2023,16747.33,Deposit,FMCG Merchant Settlement
10/25/2023,17831.75,Deposit,FMCG Merchant Settlement
10/26/2023,6842.3,Deposit,FMCG Merchant Settlement
10/27/2023,12221.96,Deposit,FMCG Merchant Settlement
10/28/2023,10472.98,Deposit,FMCG Merchant Settlement
10/29/2023,11482.2,Deposit,FMCG Merchant Settlement
10/30/2023,17264.59,Deposit,FMCG Merchant Settlement
10/31/2023,5809.25,Deposit,FMCG Merchant Settlement
11/1/2023,15748.1,Deposit,FMCG Merchant Settlement
11/2/2023,15296.8,Deposit,FMCG Merchant Settlement
11/3/2023,14299.8,Deposit,FMCG Merchant Settlement
11/4/2023,9900.18,Deposit,FMCG Merchant Settlement
11/5/2023,10937.36,Deposit,FMCG Merchant Settlement
11/6/2023,15494.04,Deposit,FMCG Merchant Settlement
11/7/2023,9739.62,Deposit,FMCG Merchant Settlement
11/8/2023,12460.34,Deposit,FMCG Merchant Settlement
11/9/2023,5763.97,Deposit,FMCG Merchant Settlement
11/10/2023,20495.96,Deposit,FMCG Merchant Settlement
11/11/2023,11656.55,Deposit,FMCG Merchant Settlement
11/12/2023,8573.1,Deposit,FMCG Merchant Settlement
11/13/2023,8940.18,Deposit,FMCG Merchant Settlement
11/14/2023,7526.62,Deposit,FMCG Merchant Settlement
11/15/2023,20203.24,Deposit,FMCG Merchant Settlement
11/16/2023,10539.1,Deposit,FMCG Merchant Settlement
11/17/2023,15860.42,Deposit,FMCG Merchant Settlement
11/18/2023,17677.43,Deposit,FMCG Merchant Settlement
11/19/2023,9861.25,Deposit,FMCG Merchant Settlement
11/20/2023,14928.37,Deposit,FMCG Merchant Settlement
11/21/2023,21584.99,Deposit,FMCG Merchant Settlement
11/22/2023,12610.02,Deposit,FMCG Merchant Settlement
11/23/2023,10387.49,Deposit,FMCG Merchant Settlement
11/24/2023,8354.6,Deposit,FMCG Merchant Settlement
11/25/2023,12353.16,Deposit,FMCG Merchant Settlement
11/26/2023,14145.67,Deposit,FMCG Merchant Settlement
11/27/2023,8477.95,Deposit,FMCG Merchant Settlement
11/28/2023,13471.54,Deposit,FMCG Merchant Settlement
11/29/2023,8083.01,Deposit,FMCG Merchant Settlement
11/30/2023,17852.13,Deposit,FMCG Merchant Settlement
12/1/2023,7398.03,Deposit,FMCG Merchant Settlement
12/2/2023,10698.54,Deposit,FMCG Merchant Settlement
12/3/2023,8911.07,Deposit,FMCG Merchant Settlement
12/4/2023,13901.89,Deposit,FMCG Merchant Settlement
12/5/2023,17292.69,Deposit,FMCG Merchant Settlement
12/6/2023,9102.73,Deposit,FMCG Merchant Settlement
12/7/2023,16169.1,Deposit,FMCG Merchant Settlement
12/8/2023,17745.63,Deposit,FMCG Merchant Settlement
12/9/2023,12841.87,Deposit,FMCG Merchant Settlement
12/10/2023,9092.84,Deposit,FMCG Merchant Settlement
12/11/2023,12838.72,Deposit,FMCG Merchant Settlement
12/12/2023,17527.35,Deposit,FMCG Merchant Settlement
12/13/2023,27044.47,Deposit,FMCG Merchant Settlement
12/14/2023,16322.08,Deposit,FMCG Merchant Settlement
12/15/2023,28949.59,Deposit,FMCG Merchant Settlement
12/16/2023,9058.21,Deposit,FMCG Merchant Settlement
12/17/2023,21958.91,Deposit,FMCG Merchant Settlement
12/18/2023,7712.28,Deposit,FMCG Merchant Settlement
12/19/2023,11087.1,Deposit,FMCG Merchant Settlement
12/20/2023,11315.37,Deposit,FMCG Merchant Settlement
12/21/2023,16175.03,Deposit,FMCG Merchant Settlement
12/22/2023,16190.39,Deposit,FMCG Merchant Settlement
12/23/2023,11299.45,Deposit,FMCG Merchant Settlement
12/24/2023,12784.37,Deposit,FMCG Merchant Settlement
12/25/2023,12690.71,Deposit,FMCG Merchant Settlement
12/26/2023,9421.53,Deposit,FMCG Merchant Settlement
12/27/2023,13549.48,Deposit,FMCG Merchant Settlement
12/28/2023,11255.32,Deposit,FMCG Merchant Settlement
12/29/2023,12826.07,Deposit,FMCG Merchant Settlement
12/30/2023,12990.41,Deposit,FMCG Merchant Settlement
12/31/2023,13635.94,Deposit,FMCG Merchant Settlement
1/1/2024,18963.41,Deposit,FMCG Merchant Settlement
1/2/2024,11412.23,Deposit,FMCG Merchant Settlement
1/3/2024,8062.47,Deposit,FMCG Merchant Settlement
1/4/2024,10549.48,Deposit,FMCG Merchant Settlement
1/5/2024,7775.09,Deposit,FMCG Merchant Settlement
1/6/2024,15204.82,Deposit,FMCG Merchant Settlement
1/7/2024,7184.99,Deposit,FMCG Merchant Settlement
1/8/2024,9894.34,Deposit,FMCG Merchant Settlement
1/9/2024,12209.94,Deposit,FMCG Merchant Settlement
1/10/2024,12017.56,Deposit,FMCG Merchant Settlement
1/11/2024,16560.02,Deposit,FMCG Merchant Settlement
1/12/2024,15271.47,Deposit,FMCG Merchant Settlement
1/13/2024,12150.43,Deposit,FMCG Merchant Settlement
1/14/2024,13369.23,Deposit,FMCG Merchant Settlement
1/15/2024,11722.23,Deposit,FMCG Merchant Settlement
1/16/2024,6279.39,Deposit,FMCG Merchant Settlement
1/17/2024,6234.75,Deposit,FMCG Merchant Settlement
1/18/2024,18986.76,Deposit,FMCG Merchant Settlement
1/19/2024,18270.25,Deposit,FMCG Merchant Settlement
1/20/2024,11083.2,Deposit,FMCG Merchant Settlement
1/21/2024,14110.58,Deposit,FMCG Merchant Settlement
1/22/2024,10929.79,Deposit,FMCG Merchant Settlement
1/23/2024,10038.01,Deposit,FMCG Merchant Settlement
1/24/2024,12142.3,Deposit,FMCG Merchant Settlement
1/25/2024,12412.55,Deposit,FMCG Merchant Settlement
1/26/2024,7836.94,Deposit,FMCG Merchant Settlement
1/27/2024,18968.1,Deposit,FMCG Merchant Settlement
1/28/2024,14123,Deposit,FMCG Merchant Settlement
1/29/2024,14131.99,Deposit,FMCG Merchant Settlement
1/30/2024,17960.57,Deposit,FMCG Merchant Settlement
1/31/2024,11340.39,Deposit,FMCG Merchant Settlement
2/1/2024,12264.48,Deposit,FMCG Merchant Settlement
2/2/2024,12344.96,Deposit,FMCG Merchant Settlement
2/3/2024,11145.8,Deposit,FMCG Merchant Settlement
2/4/2024,8690.34,Deposit,FMCG Merchant Settlement
2/5/2024,17326.15,Deposit,FMCG Merchant Settlement
2/6/2024,2764.93,Deposit,FMCG Merchant Settlement
2/7/2024,9209.8,Deposit,FMCG Merchant Settlement
2/8/2024,18202.7,Deposit,FMCG Merchant Settlement
2/9/2024,18976.87,Deposit,FMCG Merchant Settlement
2/10/2024,14879.53,Deposit,FMCG Merchant Settlement
2/11/2024,16526.09,Deposit,FMCG Merchant Settlement
2/12/2024,9975.61,Deposit,FMCG Merchant Settlement
2/13/2024,16987.94,Deposit,FMCG Merchant Settlement
2/14/2024,22400.1,Deposit,FMCG Merchant Settlement
2/15/2024,17435.73,Deposit,FMCG Merchant Settlement
2/16/2024,17999.19,Deposit,FMCG Merchant Settlement
2/17/2024,17731.59,Deposit,FMCG Merchant Settlement
2/18/2024,21530.91,Deposit,FMCG Merchant Settlement
2/19/2024,17964.44,Deposit,FMCG Merchant Settlement
2/20/2024,12732.37,Deposit,FMCG Merchant Settlement
2/21/2024,16889.76,Deposit,FMCG Merchant Settlement
2/22/2024,10294.66,Deposit,FMCG Merchant Settlement
2/23/2024,10577.4,Deposit,FMCG Merchant Settlement
2/24/2024,15256.45,Deposit,FMCG Merchant Settlement
2/25/2024,14399.56,Deposit,FMCG Merchant Settlement
2/26/2024,11164.25,Deposit,FMCG Merchant Settlement
2/27/2024,18208.32,Deposit,FMCG Merchant Settlement
2/28/2024,10928.12,Deposit,FMCG Merchant Settlement
2/29/2024,8335.85,Deposit,FMCG Merchant Settlement
3/1/2024,12625.28,Deposit,FMCG Merchant Settlement
3/2/2024,23356.59,Deposit,FMCG Merchant Settlement
3/3/2024,17627.08,Deposit,FMCG Merchant Settlement
3/4/2024,15250.19,Deposit,FMCG Merchant Settlement
3/5/2024,11103.38,Deposit,FMCG Merchant Settlement
3/6/2024,8074.59,Deposit,FMCG Merchant Settlement
3/7/2024,23395.23,Deposit,FMCG Merchant Settlement
3/8/2024,7047.3,Deposit,FMCG Merchant Settlement
3/9/2024,6868.72,Deposit,FMCG Merchant Settlement
3/10/2024,17482.5,Deposit,FMCG Merchant Settlement
3/11/2024,21049.54,Deposit,FMCG Merchant Settlement
3/12/2024,12145.26,Deposit,FMCG Merchant Settlement
3/13/2024,14996.94,Deposit,FMCG Merchant Settlement
3/14/2024,6519.45,Deposit,FMCG Merchant Settlement
3/15/2024,13482.13,Deposit,FMCG Merchant Settlement
3/16/2024,9119.32,Deposit,FMCG Merchant Settlement
3/17/2024,12016.59,Deposit,FMCG Merchant Settlement
3/18/2024,11288.5,Deposit,FMCG Merchant Settlement
3/19/2024,8888.62,Deposit,FMCG Merchant Settlement
3/20/2024,13862.45,Deposit,FMCG Merchant Settlement
3/21/2024,8859.85,Deposit,FMCG Merchant Settlement
3/22/2024,6215.56,Deposit,FMCG Merchant Settlement
3/23/2024,8900.7,Deposit,FMCG Merchant Settlement
3/24/2024,23655.92,Deposit,FMCG Merchant Settlement
3/25/2024,11304.07,Deposit,FMCG Merchant Settlement
3/26/2024,11077.25,Deposit,FMCG Merchant Settlement
3/27/2024,3974.18,Deposit,FMCG Merchant Settlement
3/28/2024,20682.76,Deposit,FMCG Merchant Settlement
3/29/2024,8534.26,Deposit,FMCG Merchant Settlement
3/30/2024,13673.03,Deposit,FMCG Merchant Settlement
3/31/2024,12641.02,Deposit,FMCG Merchant Settlement
4/1/2024,7570.26,Deposit,FMCG Merchant Settlement
4/2/2024,8792.27,Deposit,FMCG Merchant Settlement
4/3/2024,14437.87,Deposit,FMCG Merchant Settlement
4/4/2024,8654.64,Deposit,FMCG Merchant Settlement
4/5/2024,11447.73,Deposit,FMCG Merchant Settlement
4/6/2024,11590.64,Deposit,FMCG Merchant Settlement
4/7/2024,10190.15,Deposit,FMCG Merchant Settlement
4/8/2024,10892.22,Deposit,FMCG Merchant Settlement
4/9/2024,8825.55,Deposit,FMCG Merchant Settlement
4/10/2024,8914.9,Deposit,FMCG Merchant Settlement
4/11/2024,16939.61,Deposit,FMCG Merchant Settlement
4/12/2024,7428.29,Deposit,FMCG Merchant Settlement
4/13/2024,14770.7,Deposit,FMCG Merchant Settlement
4/14/2024,9159.64,Deposit,FMCG Merchant Settlement
4/15/2024,14660.84,Deposit,FMCG Merchant Settlement
4/16/2024,15364.23,Deposit,FMCG Merchant Settlement
4/17/2024,11838.51,Deposit,FMCG Merchant Settlement
4/18/2024,11264.81,Deposit,FMCG Merchant Settlement
4/19/2024,20060.9,Deposit,FMCG Merchant Settlement
4/20/2024,5633.95,Deposit,FMCG Merchant Settlement
4/21/2024,17509.82,Deposit,FMCG Merchant Settlement
4/22/2024,24261.16,Deposit,FMCG Merchant Settlement
4/23/2024,21765.2,Deposit,FMCG Merchant Settlement
4/24/2024,8089.24,Deposit,FMCG Merchant Settlement
4/25/2024,23175.97,Deposit,FMCG Merchant Settlement
4/26/2024,7589.07,Deposit,FMCG Merchant Settlement
4/27/2024,12788.08,Deposit,FMCG Merchant Settlement
4/28/2024,12392.08,Deposit,FMCG Merchant Settlement
4/29/2024,21079.42,Deposit,FMCG Merchant Settlement
4/30/2024,11862.21,Deposit,FMCG Merchant Settlement
5/1/2024,16406.52,Deposit,FMCG Merchant Settlement
5/2/2024,16041.81,Deposit,FMCG Merchant Settlement
5/3/2024,12478.6,Deposit,FMCG Merchant Settlement
5/4/2024,15267.81,Deposit,FMCG Merchant Settlement
5/5/2024,7083.7,Deposit,FMCG Merchant Settlement
5/6/2024,20728.01,Deposit,FMCG Merchant Settlement
5/7/2024,9616.18,Deposit,FMCG Merchant Settlement
5/8/2024,16205.69,Deposit,FMCG Merchant Settlement
5/9/2024,15182.7,Deposit,FMCG Merchant Settlement
5/10/2024,11223.92,Deposit,FMCG Merchant Settlement
5/11/2024,15229.1,Deposit,FMCG Merchant Settlement
5/12/2024,9916.86,Deposit,FMCG Merchant Settlement
5/13/2024,17920.22,Deposit,FMCG Merchant Settlement
5/14/2024,10023.19,Deposit,FMCG Merchant Settlement
5/15/2024,11163.47,Deposit,FMCG Merchant Settlement
5/16/2024,16419.16,Deposit,FMCG Merchant Settlement
5/17/2024,12651.61,Deposit,FMCG Merchant Settlement
5/18/2024,15622.06,Deposit,FMCG Merchant Settlement
5/19/2024,7859.83,Deposit,FMCG Merchant Settlement
5/20/2024,9761.77,Deposit,FMCG Merchant Settlement
5/21/2024,6808.03,Deposit,FMCG Merchant Settlement
5/22/2024,12478.54,Deposit,FMCG Merchant Settlement
5/23/2024,19316.88,Deposit,FMCG Merchant Settlement
5/24/2024,18449.98,Deposit,FMCG Merchant Settlement
5/25/2024,17646.76,Deposit,FMCG Merchant Settlement
5/26/2024,19318.08,Deposit,FMCG Merchant Settlement
5/27/2024,12029.35,Deposit,FMCG Merchant Settlement
5/28/2024,13161.77,Deposit,FMCG Merchant Settlement
5/29/2024,9243.67,Deposit,FMCG Merchant Settlement
5/30/2024,14660.74,Deposit,FMCG Merchant Settlement
5/31/2024,13044.67,Deposit,FMCG Merchant Settlement
6/1/2024,19349.66,Deposit,FMCG Merchant Settlement
6/2/2024,23954.62,Deposit,FMCG Merchant Settlement
6/3/2024,20024.75,Deposit,FMCG Merchant Settlement
6/4/2024,10632.01,Deposit,FMCG Merchant Settlement
6/5/2024,9612.69,Deposit,FMCG Merchant Settlement
6/6/2024,1667.05,Deposit,FMCG Merchant Settlement
6/7/2024,10737.08,Deposit,FMCG Merchant Settlement
6/8/2024,8077.93,Deposit,FMCG Merchant Settlement
6/9/2024,26385.89,Deposit,FMCG Merchant Settlement
6/10/2024,6567.58,Deposit,FMCG Merchant Settlement
6/11/2024,8033.9,Deposit,FMCG Merchant Settlement
6/12/2024,16537.53,Deposit,FMCG Merchant Settlement
6/13/2024,14439.82,Deposit,FMCG Merchant Settlement
6/14/2024,16771.43,Deposit,FMCG Merchant Settlement
6/15/2024,12347.12,Deposit,FMCG Merchant Settlement
6/16/2024,15451.39,Deposit,FMCG Merchant Settlement
6/17/2024,8606.19,Deposit,FMCG Merchant Settlement
6/18/2024,11865.54,Deposit,FMCG Merchant Settlement
6/19/2024,9310.27,Deposit,FMCG Merchant Settlement
6/20/2024,18750.43,Deposit,FMCG Merchant Settlement
6/21/2024,11337.34,Deposit,FMCG Merchant Settlement
6/22/2024,15288.81,Deposit,FMCG Merchant Settlement
6/23/2024,12934.9,Deposit,FMCG Merchant Settlement
6/24/2024,13919.73,Deposit,FMCG Merchant Settlement
6/25/2024,10818.32,Deposit,FMCG Merchant Settlement
6/26/2024,7603.58,Deposit,FMCG Merchant Settlement
6/27/2024,14422.12,Deposit,FMCG Merchant Settlement
6/28/2024,5858.45,Deposit,FMCG Merchant Settlement
6/29/2024,15201.14,Deposit,FMCG Merchant Settlement
6/30/2024,10086.97,Deposit,FMCG Merchant Settlement
7/1/2024,10807.3,Deposit,FMCG Merchant Settlement
7/2/2024,15026.87,Deposit,FMCG Merchant Settlement
7/3/2024,5328.39,Deposit,FMCG Merchant Settlement
7/4/2024,11064.02,Deposit,FMCG Merchant Settlement
7/5/2024,17042.76,Deposit,FMCG Merchant Settlement
7/6/2024,10214.91,Deposit,FMCG Merchant Settlement
7/7/2024,18746.74,Deposit,FMCG Merchant Settlement
7/8/2024,10847.67,Deposit,FMCG Merchant Settlement
7/9/2024,7877.21,Deposit,FMCG Merchant Settlement
7/10/2024,18458,Deposit,FMCG Merchant Settlement
7/11/2024,9416.32,Deposit,FMCG Merchant Settlement
7/12/2024,12381.46,Deposit,FMCG Merchant Settlement
7/13/2024,19100.14,Deposit,FMCG Merchant Settlement
7/14/2024,11587.17,Deposit,FMCG Merchant Settlement
7/15/2024,11724.64,Deposit,FMCG Merchant Settlement
7/16/2024,12304.85,Deposit,FMCG Merchant Settlement
7/17/2024,11166.65,Deposit,FMCG Merchant Settlement
7/18/2024,14457.57,Deposit,FMCG Merchant Settlement
7/19/2024,19016.25,Deposit,FMCG Merchant Settlement
7/20/2024,15221.22,Deposit,FMCG Merchant Settlement
7/21/2024,12616.01,Deposit,FMCG Merchant Settlement
7/22/2024,14536.04,Deposit,FMCG Merchant Settlement
7/23/2024,4784.66,Deposit,FMCG Merchant Settlement
7/24/2024,6319.51,Deposit,FMCG Merchant Settlement
7/25/2024,16960.86,Deposit,FMCG Merchant Settlement
7/26/2024,11451.97,Deposit,FMCG Merchant Settlement
7/27/2024,17711.67,Deposit,FMCG Merchant Settlement
7/28/2024,8962.67,Deposit,FMCG Merchant Settlement
7/29/2024,15375.57,Deposit,FMCG Merchant Settlement
7/30/2024,15204.06,Deposit,FMCG Merchant Settlement
7/31/2024,14251.24,Deposit,FMCG Merchant Settlement
8/1/2024,8738.83,Deposit,FMCG Merchant Settlement
8/2/2024,12700.57,Deposit,FMCG Merchant Settlement
8/3/2024,22147.8,Deposit,FMCG Merchant Settlement
8/4/2024,10462.24,Deposit,FMCG Merchant Settlement
8/5/2024,19806.92,Deposit,FMCG Merchant Settlement
8/6/2024,5929.92,Deposit,FMCG Merchant Settlement
8/7/2024,14869.41,Deposit,FMCG Merchant Settlement
8/8/2024,5602.67,Deposit,FMCG Merchant Settlement
8/9/2024,10873.3,Deposit,FMCG Merchant Settlement
8/10/2024,18046.07,Deposit,FMCG Merchant Settlement
8/11/2024,8642.83,Deposit,FMCG Merchant Settlement
8/12/2024,12108.07,Deposit,FMCG Merchant Settlement
8/13/2024,13688.78,Deposit,FMCG Merchant Settlement
8/14/2024,8261.68,Deposit,FMCG Merchant Settlement
8/15/2024,13766.3,Deposit,FMCG Merchant Settlement
8/16/2024,5543.85,Deposit,FMCG Merchant Settlement
8/17/2024,10799.49,Deposit,FMCG Merchant Settlement
8/18/2024,23759.3,Deposit,FMCG Merchant Settlement
8/19/2024,9549.73,Deposit,FMCG Merchant Settlement
8/20/2024,5402.49,Deposit,FMCG Merchant Settlement
8/21/2024,8610.86,Deposit,FMCG Merchant Settlement
8/22/2024,17770.99,Deposit,FMCG Merchant Settlement
8/23/2024,9173.22,Deposit,FMCG Merchant Settlement
8/24/2024,9147.33,Deposit,FMCG Merchant Settlement
8/25/2024,12580.97,Deposit,FMCG Merchant Settlement
8/26/2024,17786.09,Deposit,FMCG Merchant Settlement
8/27/2024,15702.53,Deposit,FMCG Merchant Settlement
8/28/2024,8810.8,Deposit,FMCG Merchant Settlement
8/29/2024,15342.61,Deposit,FMCG Merchant Settlement
8/30/2024,8217.31,Deposit,FMCG Merchant Settlement
8/31/2024,9144.46,Deposit,FMCG Merchant Settlement
9/1/2024,13736.09,Deposit,FMCG Merchant Settlement
9/2/2024,12755.96,Deposit,FMCG Merchant Settlement
9/3/2024,16465.67,Deposit,FMCG Merchant Settlement
9/4/2024,16058.83,Deposit,FMCG Merchant Settlement
9/5/2024,10608.66,Deposit,FMCG Merchant Settlement
9/6/2024,13940.8,Deposit,FMCG Merchant Settlement
9/7/2024,10462.58,Deposit,FMCG Merchant Settlement
9/8/2024,21009.38,Deposit,FMCG Merchant Settlement
9/9/2024,15905.38,Deposit,FMCG Merchant Settlement
9/10/2024,17718.54,Deposit,FMCG Merchant Settlement
9/11/2024,9980.72,Deposit,FMCG Merchant Settlement
9/12/2024,7039.08,Deposit,FMCG Merchant Settlement
9/13/2024,16624.48,Deposit,FMCG Merchant Settlement
9/14/2024,5510.17,Deposit,FMCG Merchant Settlement
9/15/2024,10727.58,Deposit,FMCG Merchant Settlement
9/16/2024,15676.1,Deposit,FMCG Merchant Settlement
9/17/2024,7746.67,Deposit,FMCG Merchant Settlement
9/18/2024,12236.99,Deposit,FMCG Merchant Settlement
9/19/2024,17063,Deposit,FMCG Merchant Settlement
9/20/2024,20539.17,Deposit,FMCG Merchant Settlement
9/21/2024,7559.57,Deposit,FMCG Merchant Settlement
9/22/2024,15584.49,Deposit,FMCG Merchant Settlement
9/23/2024,17075.42,Deposit,FMCG Merchant Settlement
9/24/2024,12684.59,Deposit,FMCG Merchant Settlement
9/25/2024,19235.05,Deposit,FMCG Merchant Settlement
9/26/2024,11532.65,Deposit,FMCG Merchant Settlement
9/27/2024,9023.51,Deposit,FMCG Merchant Settlement
9/28/2024,9617.17,Deposit,FMCG Merchant Settlement
9/29/2024,16002.05,Deposit,FMCG Merchant Settlement
9/30/2024,21730.76,Deposit,FMCG Merchant Settlement
10/1/2024,15828.1,Deposit,FMCG Merchant Settlement
10/2/2024,13152.46,Deposit,FMCG Merchant Settlement
10/3/2024,13225.02,Deposit,FMCG Merchant Settlement
10/4/2024,12486.63,Deposit,FMCG Merchant Settlement
10/5/2024,8658.77,Deposit,FMCG Merchant Settlement
10/6/2024,13440.28,Deposit,FMCG Merchant Settlement
10/7/2024,13770.71,Deposit,FMCG Merchant Settlement
10/8/2024,11158.09,Deposit,FMCG Merchant Settlement
10/9/2024,24809.25,Deposit,FMCG Merchant Settlement
10/10/2024,10648.11,Deposit,FMCG Merchant Settlement
10/11/2024,9659.77,Deposit,FMCG Merchant Settlement
10/12/2024,17419.25,Deposit,FMCG Merchant Settlement
10/13/2024,13381.79,Deposit,FMCG Merchant Settlement
10/14/2024,8553.14,Deposit,FMCG Merchant Settlement
10/15/2024,9993.56,Deposit,FMCG Merchant Settlement
10/16/2024,18122.37,Deposit,FMCG Merchant Settlement
10/17/2024,7876.43,Deposit,FMCG Merchant Settlement
10/18/2024,11270.31,Deposit,FMCG Merchant Settlement
10/19/2024,15561.77,Deposit,FMCG Merchant Settlement
10/20/2024,10414.38,Deposit,FMCG Merchant Settlement
10/21/2024,9915.7,Deposit,FMCG Merchant Settlement
10/22/2024,17775.53,Deposit,FMCG Merchant Settlement
10/23/2024,13084.13,Deposit,FMCG Merchant Settlement
10/24/2024,11686.02,Deposit,FMCG Merchant Settlement
10/25/2024,11660.91,Deposit,FMCG Merchant Settlement
10/26/2024,8365.07,Deposit,FMCG Merchant Settlement
10/27/2024,19914.71,Deposit,FMCG Merchant Settlement
10/28/2024,11376.1,Deposit,FMCG Merchant Settlement
10/29/2024,13373.25,Deposit,FMCG Merchant Settlement
10/30/2024,12090.12,Deposit,FMCG Merchant Settlement
10/31/2024,10488.37,Deposit,FMCG Merchant Settlement
11/1/2024,10241.76,Deposit,FMCG Merchant Settlement
11/2/2024,14557.5,Deposit,FMCG Merchant Settlement
11/3/2024,8856.74,Deposit,FMCG Merchant Settlement
11/4/2024,21774.88,Deposit,FMCG Merchant Settlement
11/5/2024,5722.66,Deposit,FMCG Merchant Settlement
11/6/2024,13566.46,Deposit,FMCG Merchant Settlement
11/7/2024,11496.55,Deposit,FMCG Merchant Settlement
11/8/2024,22804.47,Deposit,FMCG Merchant Settlement
11/9/2024,14725.1,Deposit,FMCG Merchant Settlement
11/10/2024,10061.46,Deposit,FMCG Merchant Settlement
11/11/2024,14268.72,Deposit,FMCG Merchant Settlement
11/12/2024,16421.32,Deposit,FMCG Merchant Settlement
11/13/2024,9443.84,Deposit,FMCG Merchant Settlement
11/14/2024,12979.51,Deposit,FMCG Merchant Settlement
11/15/2024,17738.05,Deposit,FMCG Merchant Settlement
11/16/2024,12915.43,Deposit,FMCG Merchant Settlement
11/17/2024,8604.19,Deposit,FMCG Merchant Settlement
11/18/2024,14491.36,Deposit,FMCG Merchant Settlement
11/19/2024,21387.92,Deposit,FMCG Merchant Settlement
11/20/2024,11633.71,Deposit,FMCG Merchant Settlement
11/21/2024,9243.6,Deposit,FMCG Merchant Settlement
11/22/2024,24239.56,Deposit,FMCG Merchant Settlement
11/23/2024,14267.2,Deposit,FMCG Merchant Settlement
11/24/2024,8690.75,Deposit,FMCG Merchant Settlement
11/25/2024,7597.14,Deposit,FMCG Merchant Settlement
11/26/2024,7824.78,Deposit,FMCG Merchant Settlement
11/27/2024,21012.89,Deposit,FMCG Merchant Settlement
11/28/2024,9048.4,Deposit,FMCG Merchant Settlement
11/29/2024,13488.5,Deposit,FMCG Merchant Settlement
11/30/2024,15839.76,Deposit,FMCG Merchant Settlement
12/1/2024,14316.1,Deposit,FMCG Merchant Settlement
12/2/2024,5464.41,Deposit,FMCG Merchant Settlement
12/3/2024,13912.47,Deposit,FMCG Merchant Settlement
12/4/2024,10905.72,Deposit,FMCG Merchant Settlement
12/5/2024,7894.77,Deposit,FMCG Merchant Settlement
12/6/2024,16542.55,Deposit,FMCG Merchant Settlement
12/7/2024,14378.41,Deposit,FMCG Merchant Settlement
12/8/2024,12938.8,Deposit,FMCG Merchant Settlement
12/9/2024,13219.29,Deposit,FMCG Merchant Settlement
12/10/2024,12185.73,Deposit,FMCG Merchant Settlement
12/11/2024,24204.49,Deposit,FMCG Merchant Settlement
12/12/2024,18616.9,Deposit,FMCG Merchant Settlement
12/13/2024,15496.39,Deposit,FMCG Merchant Settlement
12/14/2024,26003.33,Deposit,FMCG Merchant Settlement
12/15/2024,15863.46,Deposit,FMCG Merchant Settlement
12/16/2024,11109.99,Deposit,FMCG Merchant Settlement
12/17/2024,33757.86,Deposit,FMCG Merchant Settlement
12/18/2024,16454.86,Deposit,FMCG Merchant Settlement
12/19/2024,6370.07,Deposit,FMCG Merchant Settlement
12/20/2024,19405.24,Deposit,FMCG Merchant Settlement
12/21/2024,18555.62,Deposit,FMCG Merchant Settlement
12/22/2024,22737.02,Deposit,FMCG Merchant Settlement
12/23/2024,13582.94,Deposit,FMCG Merchant Settlement
12/24/2024,14842.35,Deposit,FMCG Merchant Settlement
12/25/2024,11790.93,Deposit,FMCG Merchant Settlement
12/26/2024,10322.23,Deposit,FMCG Merchant Settlement
12/27/2024,10310.27,Deposit,FMCG Merchant Settlement
12/28/2024,16859.86,Deposit,FMCG Merchant Settlement
12/29/2024,6986.07,Deposit,FMCG Merchant Settlement
12/30/2024,13223.33,Deposit,FMCG Merchant Settlement
12/31/2024,8611.95,Deposit,FMCG Merchant Settlement
1/1/2025,8268.43,Deposit,FMCG Merchant Settlement
1/2/2025,8704.23,Deposit,FMCG Merchant Settlement
1/3/2025,24709.05,Deposit,FMCG Merchant Settlement
1/4/2025,16622.76,Deposit,FMCG Merchant Settlement
1/5/2025,14109.92,Deposit,FMCG Merchant Settlement
1/6/2025,17348.53,Deposit,FMCG Merchant Settlement
1/7/2025,14266.36,Deposit,FMCG Merchant Settlement
1/8/2025,7079.83,Deposit,FMCG Merchant Settlement
1/9/2025,23983.06,Deposit,FMCG Merchant Settlement
1/10/2025,15837.64,Deposit,FMCG Merchant Settlement
1/11/2025,17234.12,Deposit,FMCG Merchant Settlement
1/12/2025,15781.05,Deposit,FMCG Merchant Settlement
1/13/2025,12565.72,Deposit,FMCG Merchant Settlement
1/14/2025,14254.62,Deposit,FMCG Merchant Settlement
1/15/2025,10910.01,Deposit,FMCG Merchant Settlement
1/16/2025,11966.43,Deposit,FMCG Merchant Settlement
1/17/2025,22365.56,Deposit,FMCG Merchant Settlement
1/18/2025,15745.38,Deposit,FMCG Merchant Settlement
1/19/2025,12354.29,Deposit,FMCG Merchant Settlement
1/20/2025,21642.67,Deposit,FMCG Merchant Settlement
1/21/2025,17200.79,Deposit,FMCG Merchant Settlement
1/22/2025,12072.16,Deposit,FMCG Merchant Settlement
1/23/2025,13614.73,Deposit,FMCG Merchant Settlement
1/24/2025,15782.32,Deposit,FMCG Merchant Settlement
1/25/2025,15176.64,Deposit,FMCG Merchant Settlement
1/26/2025,21976.56,Deposit,FMCG Merchant Settlement
1/27/2025,4506.16,Deposit,FMCG Merchant Settlement
1/28/2025,16231.01,Deposit,FMCG Merchant Settlement
1/29/2025,11265.98,Deposit,FMCG Merchant Settlement
1/30/2025,12659.46,Deposit,FMCG Merchant Settlement
1/31/2025,18504.75,Deposit,FMCG Merchant Settlement
2/1/2025,7690.55,Deposit,FMCG Merchant Settlement
2/2/2025,10213.33,Deposit,FMCG Merchant Settlement
2/3/2025,18080.15,Deposit,FMCG Merchant Settlement
2/4/2025,13759.03,Deposit,FMCG Merchant Settlement
2/5/2025,15261.41,Deposit,FMCG Merchant Settlement
2/6/2025,16519.57,Deposit,FMCG Merchant Settlement
2/7/2025,16096.42,Deposit,FMCG Merchant Settlement
2/8/2025,6392.2,Deposit,FMCG Merchant Settlement
2/9/2025,12177.07,Deposit,FMCG Merchant Settlement
2/10/2025,10448.08,Deposit,FMCG Merchant Settlement
2/11/2025,21392.17,Deposit,FMCG Merchant Settlement
2/12/2025,12466.86,Deposit,FMCG Merchant Settlement
2/13/2025,3027.85,Deposit,FMCG Merchant Settlement
2/14/2025,22419.79,Deposit,FMCG Merchant Settlement
2/15/2025,10056.68,Deposit,FMCG Merchant Settlement
2/16/2025,13547.08,Deposit,FMCG Merchant Settlement
2/17/2025,14747.65,Deposit,FMCG Merchant Settlement
2/18/2025,20431,Deposit,FMCG Merchant Settlement
2/19/2025,15417.58,Deposit,FMCG Merchant Settlement
2/20/2025,10740.18,Deposit,FMCG Merchant Settlement
2/21/2025,10011.87,Deposit,FMCG Merchant Settlement
2/22/2025,8962.71,Deposit,FMCG Merchant Settlement
2/23/2025,23622.78,Deposit,FMCG Merchant Settlement
2/24/2025,15191.09,Deposit,FMCG Merchant Settlement
2/25/2025,8261.27,Deposit,FMCG Merchant Settlement
2/26/2025,12266.69,Deposit,FMCG Merchant Settlement
2/27/2025,16640.51,Deposit,FMCG Merchant Settlement
2/28/2025,15738.89,Deposit,FMCG Merchant Settlement
3/1/2025,16686.79,Deposit,FMCG Merchant Settlement
3/2/2025,12942.26,Deposit,FMCG Merchant Settlement
3/3/2025,13553.57,Deposit,FMCG Merchant Settlement
3/4/2025,8403.73,Deposit,FMCG Merchant Settlement
3/5/2025,15723.3,Deposit,FMCG Merchant Settlement
3/6/2025,11222.26,Deposit,FMCG Merchant Settlement
3/7/2025,16541.93,Deposit,FMCG Merchant Settlement
3/8/2025,18211.26,Deposit,FMCG Merchant Settlement
3/9/2025,9203.27,Deposit,FMCG Merchant Settlement
3/10/2025,8883.58,Deposit,FMCG Merchant Settlement
3/11/2025,12278.75,Deposit,FMCG Merchant Settlement
3/12/2025,24504.81,Deposit,FMCG Merchant Settlement
3/13/2025,11084.51,Deposit,FMCG Merchant Settlement
3/14/2025,10459.2,Deposit,FMCG Merchant Settlement
3/15/2025,11543.95,Deposit,FMCG Merchant Settlement
3/16/2025,12014.13,Deposit,FMCG Merchant Settlement
3/17/2025,6066.98,Deposit,FMCG Merchant Settlement
3/18/2025,14982.73,Deposit,FMCG Merchant Settlement
3/19/2025,12349.63,Deposit,FMCG Merchant Settlement
3/20/2025,16878.56,Deposit,FMCG Merchant Settlement
3/21/2025,14890.43,Deposit,FMCG Merchant Settlement
3/22/2025,13268.86,Deposit,FMCG Merchant Settlement
3/23/2025,13138.13,Deposit,FMCG Merchant Settlement
3/24/2025,22038.75,Deposit,FMCG Merchant Settlement
3/25/2025,12174.71,Deposit,FMCG Merchant Settlement
3/26/2025,6611.54,Deposit,FMCG Merchant Settlement
3/27/2025,9423.65,Deposit,FMCG Merchant Settlement
3/28/2025,17974.3,Deposit,FMCG Merchant Settlement
3/29/2025,18576.04,Deposit,FMCG Merchant Settlement
3/30/2025,10754.57,Deposit,FMCG Merchant Settlement
3/31/2025,21257.24,Deposit,FMCG Merchant Settlement
4/1/2025,15459.48,Deposit,FMCG Merchant Settlement
4/2/2025,9780.03,Deposit,FMCG Merchant Settlement
4/3/2025,15420.88,Deposit,FMCG Merchant Settlement
4/4/2025,15093.62,Deposit,FMCG Merchant Settlement
4/5/2025,10068.07,Deposit,FMCG Merchant Settlement
4/6/2025,9986.88,Deposit,FMCG Merchant Settlement
4/7/2025,15774.87,Deposit,FMCG Merchant Settlement
4/8/2025,15370.46,Deposit,FMCG Merchant Settlement
4/9/2025,4169.06,Deposit,FMCG Merchant Settlement
4/10/2025,21800.22,Deposit,FMCG Merchant Settlement
4/11/2025,8949.76,Deposit,FMCG Merchant Settlement
4/12/2025,16344.83,Deposit,FMCG Merchant Settlement
4/13/2025,15157.05,Deposit,FMCG Merchant Settlement
4/14/2025,15760.59,Deposit,FMCG Merchant Settlement
4/15/2025,19986.25,Deposit,FMCG Merchant Settlement
4/16/2025,22945.32,Deposit,FMCG Merchant Settlement
4/17/2025,13869.41,Deposit,FMCG Merchant Settlement
4/18/2025,6307.96,Deposit,FMCG Merchant Settlement
4/19/2025,8717.22,Deposit,FMCG Merchant Settlement
4/20/2025,20205.34,Deposit,FMCG Merchant Settlement
4/21/2025,18066.61,Deposit,FMCG Merchant Settlement
4/22/2025,15932.84,Deposit,FMCG Merchant Settlement
4/23/2025,8521.52,Deposit,FMCG Merchant Settlement
4/24/2025,19596.88,Deposit,FMCG Merchant Settlement
4/25/2025,23119.74,Deposit,FMCG Merchant Settlement
4/26/2025,11880.56,Deposit,FMCG Merchant Settlement
4/27/2025,9737.99,Deposit,FMCG Merchant Settlement
4/28/2025,9852,Deposit,FMCG Merchant Settlement
4/29/2025,19901.48,Deposit,FMCG Merchant Settlement
4/30/2025,12050.46,Deposit,FMCG Merchant Settlement
5/1/2025,14194.32,Deposit,FMCG Merchant Settlement
5/2/2025,16173.93,Deposit,FMCG Merchant Settlement
5/3/2025,12608.22,Deposit,FMCG Merchant Settlement
5/4/2025,13300.38,Deposit,FMCG Merchant Settlement
5/5/2025,18231.29,Deposit,FMCG Merchant Settlement
5/6/2025,23065.22,Deposit,FMCG Merchant Settlement
5/7/2025,7323.47,Deposit,FMCG Merchant Settlement
5/8/2025,12552.97,Deposit,FMCG Merchant Settlement
5/9/2025,18079.63,Deposit,FMCG Merchant Settlement
5/10/2025,14625.34,Deposit,FMCG Merchant Settlement
5/11/2025,17971.75,Deposit,FMCG Merchant Settlement
5/12/2025,19056.17,Deposit,FMCG Merchant Settlement
5/13/2025,9241.38,Deposit,FMCG Merchant Settlement
5/14/2025,21417.33,Deposit,FMCG Merchant Settlement
5/15/2025,12693.03,Deposit,FMCG Merchant Settlement
5/16/2025,19946.15,Deposit,FMCG Merchant Settlement
5/17/2025,4529.22,Deposit,FMCG Merchant Settlement
5/18/2025,18474.32,Deposit,FMCG Merchant Settlement
5/19/2025,11347.33,Deposit,FMCG Merchant Settlement
5/20/2025,11293.37,Deposit,FMCG Merchant Settlement
5/21/2025,15233.96,Deposit,FMCG Merchant Settlement
5/22/2025,9015.08,Deposit,FMCG Merchant Settlement
5/23/2025,27136.78,Deposit,FMCG Merchant Settlement
5/24/2025,7303.3,Deposit,FMCG Merchant Settlement
5/25/2025,15979.29,Deposit,FMCG Merchant Settlement
5/26/2025,14328.87,Deposit,FMCG Merchant Settlement
5/27/2025,20318.07,Deposit,FMCG Merchant Settlement
5/28/2025,15107.53,Deposit,FMCG Merchant Settlement
5/29/2025,14781.04,Deposit,FMCG Merchant Settlement
5/30/2025,9005.98,Deposit,FMCG Merchant Settlement
5/31/2025,10452.94,Deposit,FMCG Merchant Settlement
6/1/2025,6047.83,Deposit,FMCG Merchant Settlement
6/2/2025,17481.25,Deposit,FMCG Merchant Settlement
6/3/2025,11317.07,Deposit,FMCG Merchant Settlement
6/4/2025,12079.75,Deposit,FMCG Merchant Settlement
6/5/2025,14628,Deposit,FMCG Merchant Settlement
6/6/2025,15450.48,Deposit,FMCG Merchant Settlement
6/7/2025,15777.86,Deposit,FMCG Merchant Settlement
6/8/2025,20532.66,Deposit,FMCG Merchant Settlement
6/9/2025,15425.7,Deposit,FMCG Merchant Settlement
6/10/2025,19796.21,Deposit,FMCG Merchant Settlement
6/11/2025,13251.1,Deposit,FMCG Merchant Settlement
6/12/2025,11528.29,Deposit,FMCG Merchant Settlement
6/13/2025,8372,Deposit,FMCG Merchant Settlement
6/14/2025,8526.67,Deposit,FMCG Merchant Settlement
6/15/2025,20122.94,Deposit,FMCG Merchant Settlement
6/16/2025,8740.91,Deposit,FMCG Merchant Settlement
6/17/2025,9512.52,Deposit,FMCG Merchant Settlement
6/18/2025,7317.34,Deposit,FMCG Merchant Settlement
6/19/2025,14291.22,Deposit,FMCG Merchant Settlement
6/20/2025,11785.86,Deposit,FMCG Merchant Settlement
6/21/2025,14677.18,Deposit,FMCG Merchant Settlement
6/22/2025,10672.13,Deposit,FMCG Merchant Settlement
6/23/2025,17714.63,Deposit,FMCG Merchant Settlement
6/24/2025,12512.54,Deposit,FMCG Merchant Settlement
6/25/2025,7482.6,Deposit,FMCG Merchant Settlement
6/26/2025,10621.41,Deposit,FMCG Merchant Settlement
6/27/2025,11407.11,Deposit,FMCG Merchant Settlement
6/28/2025,13537.38,Deposit,FMCG Merchant Settlement
6/29/2025,10814.39,Deposit,FMCG Merchant Settlement
6/30/2025,17613.61,Deposit,FMCG Merchant Settlement
7/1/2025,12275.52,Deposit,FMCG Merchant Settlement
7/2/2025,13734.14,Deposit,FMCG Merchant Settlement
7/3/2025,9876.08,Deposit,FMCG Merchant Settlement
7/4/2025,13003.25,Deposit,FMCG Merchant Settlement
7/5/2025,14071.05,Deposit,FMCG Merchant Settlement
7/6/2025,10572.71,Deposit,FMCG Merchant Settlement
7/7/2025,10027.73,Deposit,FMCG Merchant Settlement
7/8/2025,10987.37,Deposit,FMCG Merchant Settlement
7/9/2025,8265.34,Deposit,FMCG Merchant Settlement
7/10/2025,7869.32,Deposit,FMCG Merchant Settlement
7/11/2025,10434.7,Deposit,FMCG Merchant Settlement
7/12/2025,9564.43,Deposit,FMCG Merchant Settlement
7/13/2025,15383.56,Deposit,FMCG Merchant Settlement
7/14/2025,14502.17,Deposit,FMCG Merchant Settlement
7/15/2025,7478.16,Deposit,FMCG Merchant Settlement
7/16/2025,16151.63,Deposit,FMCG Merchant Settlement
7/17/2025,11649.72,Deposit,FMCG Merchant Settlement
7/18/2025,5170.66,Deposit,FMCG Merchant Settlement
7/19/2025,3176.03,Deposit,FMCG Merchant Settlement
7/20/2025,20558.6,Deposit,FMCG Merchant Settlement
7/21/2025,8476.5,Deposit,FMCG Merchant Settlement
7/22/2025,19536.56,Deposit,FMCG Merchant Settlement
7/23/2025,22826.74,Deposit,FMCG Merchant Settlement
7/24/2025,15245.81,Deposit,FMCG Merchant Settlement
7/25/2025,12168.55,Deposit,FMCG Merchant Settlement
7/26/2025,8476.81,Deposit,FMCG Merchant Settlement
7/27/2025,10377.19,Deposit,FMCG Merchant Settlement
7/28/2025,7061.06,Deposit,FMCG Merchant Settlement
7/29/2025,6568.21,Deposit,FMCG Merchant Settlement
7/30/2025,14724.4,Deposit,FMCG Merchant Settlement
7/31/2025,23190.97,Deposit,FMCG Merchant Settlement
8/1/2025,17952.29,Deposit,FMCG Merchant Settlement
8/2/2025,14035.92,Deposit,FMCG Merchant Settlement
8/3/2025,13403.22,Deposit,FMCG Merchant Settlement
8/4/2025,11095.29,Deposit,FMCG Merchant Settlement
8/5/2025,18216.32,Deposit,FMCG Merchant Settlement
8/6/2025,22765.76,Deposit,FMCG Merchant Settlement
8/7/2025,19670.34,Deposit,FMCG Merchant Settlement
8/8/2025,12559.01,Deposit,FMCG Merchant Settlement
8/9/2025,14348.52,Deposit,FMCG Merchant Settlement
8/10/2025,25352.01,Deposit,FMCG Merchant Settlement
8/11/2025,14703.43,Deposit,FMCG Merchant Settlement
8/12/2025,12401.76,Deposit,FMCG Merchant Settlement
8/13/2025,17885.09,Deposit,FMCG Merchant Settlement
8/14/2025,12844.6,Deposit,FMCG Merchant Settlement
8/15/2025,12233.47,Deposit,FMCG Merchant Settlement
8/16/2025,14654.19,Deposit,FMCG Merchant Settlement
8/17/2025,11672.42,Deposit,FMCG Merchant Settlement
8/18/2025,11621.78,Deposit,FMCG Merchant Settlement
8/19/2025,10195.75,Deposit,FMCG Merchant Settlement
8/20/2025,13200.2,Deposit,FMCG Merchant Settlement
8/21/2025,14100.8,Deposit,FMCG Merchant Settlement
8/22/2025,14300.78,Deposit,FMCG Merchant Settlement
8/23/2025,12798.34,Deposit,FMCG Merchant Settlement
8/24/2025,8862.53,Deposit,FMCG Merchant Settlement
8/25/2025,10700.7,Deposit,FMCG Merchant Settlement
8/26/2025,15718.24,Deposit,FMCG Merchant Settlement
8/27/2025,15901.52,Deposit,FMCG Merchant Settlement
8/28/2025,16584.34,Deposit,FMCG Merchant Settlement
8/29/2025,19577.87,Deposit,FMCG Merchant Settlement
8/30/2025,10438.72,Deposit,FMCG Merchant Settlement
8/31/2025,14853.12,Deposit,FMCG Merchant Settlement
9/1/2025,14495.08,Deposit,FMCG Merchant Settlement
9/2/2025,9713.05,Deposit,FMCG Merchant Settlement
9/3/2025,21390.35,Deposit,FMCG Merchant Settlement
9/4/2025,10790.61,Deposit,FMCG Merchant Settlement
9/5/2025,11648.49,Deposit,FMCG Merchant Settlement
9/6/2025,11070.43,Deposit,FMCG Merchant Settlement
9/7/2025,5318.97,Deposit,FMCG Merchant Settlement
9/8/2025,33329.5,Deposit,FMCG Merchant Settlement
9/9/2025,19887.66,Deposit,FMCG Merchant Settlement
9/10/2025,16032.58,Deposit,FMCG Merchant Settlement
9/11/2025,16262.82,Deposit,FMCG Merchant Settlement
9/12/2025,17148.89,Deposit,FMCG Merchant Settlement
9/13/2025,12537.28,Deposit,FMCG Merchant Settlement
9/14/2025,8564.23,Deposit,FMCG Merchant Settlement
9/15/2025,17204.11,Deposit,FMCG Merchant Settlement
9/16/2025,11155.34,Deposit,FMCG Merchant Settlement
9/17/2025,15333.26,Deposit,FMCG Merchant Settlement
9/18/2025,11041.71,Deposit,FMCG Merchant Settlement
9/19/2025,16169.77,Deposit,FMCG Merchant Settlement
9/20/2025,14697.74,Deposit,FMCG Merchant Settlement
9/21/2025,11449.25,Deposit,FMCG Merchant Settlement
9/22/2025,10713.89,Deposit,FMCG Merchant Settlement
9/23/2025,8946.8,Deposit,FMCG Merchant Settlement
9/24/2025,12603.9,Deposit,FMCG Merchant Settlement
9/25/2025,18227.82,Deposit,FMCG Merchant Settlement
9/27/2025,13994.5,Deposit,FMCG Merchant Settlement
9/28/2025,13575.62,Deposit,FMCG Merchant Settlement
9/29/2025,9382.34,Deposit,FMCG Merchant Settlement
9/30/2025,9576.07,Deposit,FMCG Merchant Settlement
10/1/2025,18456.88,Deposit,FMCG Merchant Settlement
10/2/2025,15919.03,Deposit,FMCG Merchant Settlement
10/3/2025,18909.27,Deposit,FMCG Merchant Settlement
10/4/2025,12819.58,Deposit,FMCG Merchant Settlement
10/5/2025,13113.7,Deposit,FMCG Merchant Settlement
10/6/2025,12214.67,Deposit,FMCG Merchant Settlement
10/7/2025,16672.24,Deposit,FMCG Merchant Settlement
10/8/2025,9662.1,Deposit,FMCG Merchant Settlement
10/9/2025,11219.98,Deposit,FMCG Merchant Settlement
10/10/2025,14338.57,Deposit,FMCG Merchant Settlement
10/11/2025,9114.86,Deposit,FMCG Merchant Settlement
10/12/2025,15416.44,Deposit,FMCG Merchant Settlement
10/13/2025,7351.23,Deposit,FMCG Merchant Settlement
10/14/2025,10968.05,Deposit,FMCG Merchant Settlement
10/15/2025,10720.33,Deposit,FMCG Merchant Settlement
10/16/2025,13294.46,Deposit,FMCG Merchant Settlement
10/17/2025,12056.23,Deposit,FMCG Merchant Settlement
10/18/2025,7904.86,Deposit,FMCG Merchant Settlement
10/19/2025,17065.86,Deposit,FMCG Merchant Settlement
10/20/2025,5064.47,Deposit,FMCG Merchant Settlement
10/21/2025,7450.91,Deposit,FMCG Merchant Settlement
10/22/2025,15139.89,Deposit,FMCG Merchant Settlement
10/23/2025,14698.18,Deposit,FMCG Merchant Settlement
10/24/2025,19184.43,Deposit,FMCG Merchant Settlement
10/25/2025,8547.13,Deposit,FMCG Merchant Settlement
10/26/2025,13514.33,Deposit,FMCG Merchant Settlement
10/27/2025,6092.96,Deposit,FMCG Merchant Settlement
10/28/2025,10813.23,Deposit,FMCG Merchant Settlement
10/29/2025,9580.48,Deposit,FMCG Merchant Settlement
10/30/2025,24631.08,Deposit,FMCG Merchant Settlement
10/31/2025,6223.38,Deposit,FMCG Merchant Settlement
11/1/2025,16852.93,Deposit,FMCG Merchant Settlement
11/2/2025,16764.55,Deposit,FMCG Merchant Settlement
11/3/2025,13664.64,Deposit,FMCG Merchant Settlement
11/4/2025,10245.31,Deposit,FMCG Merchant Settlement
11/5/2025,17957.09,Deposit,FMCG Merchant Settlement
11/6/2025,17961.8,Deposit,FMCG Merchant Settlement
11/7/2025,14143.3,Deposit,FMCG Merchant Settlement
11/8/2025,15733.9,Deposit,FMCG Merchant Settlement
11/9/2025,5968.9,Deposit,FMCG Merchant Settlement
11/10/2025,15863.85,Deposit,FMCG Merchant Settlement
11/11/2025,13620.25,Deposit,FMCG Merchant Settlement
11/12/2025,6423.79,Deposit,FMCG Merchant Settlement
11/13/2025,10275.92,Deposit,FMCG Merchant Settlement
11/14/2025,12618.23,Deposit,FMCG Merchant Settlement
11/15/2025,10952.33,Deposit,FMCG Merchant Settlement
11/16/2025,8124.48,Deposit,FMCG Merchant Settlement
11/17/2025,11009.14,Deposit,FMCG Merchant Settlement
11/18/2025,14250,Deposit,FMCG Merchant Settlement
11/19/2025,10085.78,Deposit,FMCG Merchant Settlement
11/20/2025,9756.05,Deposit,FMCG Merchant Settlement
11/21/2025,10401,Deposit,FMCG Merchant Settlement
11/22/2025,7153.96,Deposit,FMCG Merchant Settlement
11/23/2025,8040.39,Deposit,FMCG Merchant Settlement
11/24/2025,16346.78,Deposit,FMCG Merchant Settlement
11/25/2025,7993.75,Deposit,FMCG Merchant Settlement
11/26/2025,6529.64,Deposit,FMCG Merchant Settlement
11/27/2025,18055.72,Deposit,FMCG Merchant Settlement
11/28/2025,10471.63,Deposit,FMCG Merchant Settlement
11/29/2025,4941.16,Deposit,FMCG Merchant Settlement
11/30/2025,10477.81,Deposit,FMCG Merchant Settlement
12/1/2025,16612.31,Deposit,FMCG Merchant Settlement
12/2/2025,12651.48,Deposit,FMCG Merchant Settlement
12/3/2025,16257.12,Deposit,FMCG Merchant Settlement
12/4/2025,17076.63,Deposit,FMCG Merchant Settlement
12/5/2025,12573.13,Deposit,FMCG Merchant Settlement
12/6/2025,24238.06,Deposit,FMCG Merchant Settlement
12/7/2025,21126.1,Deposit,FMCG Merchant Settlement
12/8/2025,21728.95,Deposit,FMCG Merchant Settlement
12/9/2025,11375.43,Deposit,FMCG Merchant Settlement
12/10/2025,5270.65,Deposit,FMCG Merchant Settlement
12/11/2025,11839.18,Deposit,FMCG Merchant Settlement
12/12/2025,12414.26,Deposit,FMCG Merchant Settlement
12/13/2025,12931.68,Deposit,FMCG Merchant Settlement
12/14/2025,11739.1,Deposit,FMCG Merchant Settlement
12/15/2025,21047.9,Deposit,FMCG Merchant Settlement
12/16/2025,31936.88,Deposit,FMCG Merchant Settlement
12/17/2025,11289.01,Deposit,FMCG Merchant Settlement
12/18/2025,13438.18,Deposit,FMCG Merchant Settlement
12/19/2025,11720.51,Deposit,FMCG Merchant Settlement
12/20/2025,13820.02,Deposit,FMCG Merchant Settlement
12/21/2025,11614.11,Deposit,FMCG Merchant Settlement
12/22/2025,14380.92,Deposit,FMCG Merchant Settlement
12/23/2025,14349.05,Deposit,FMCG Merchant Settlement
12/24/2025,9634.21,Deposit,FMCG Merchant Settlement
12/25/2025,7932.46,Deposit,FMCG Merchant Settlement
12/26/2025,35227.04,Deposit,FMCG Merchant Settlement
12/27/2025,15749.87,Deposit,FMCG Merchant Settlement
12/28/2025,8953.05,Deposit,FMCG Merchant Settlement
12/29/2025,17979.14,Deposit,FMCG Merchant Settlement
12/30/2025,13077.2,Deposit,FMCG Merchant Settlement
12/31/2025,30740.66,Deposit,FMCG Merchant Settlement
